size,2
100000,0.0162039
200000,0.034734
400000,0.060263
600000,0.0941809
800000,0.154343
